{"map_sum": 5718.309622669486, "map_avg": 0.30015797714920406, "ndcg_sum": 9773.166392277772, "ndcg_avg": 0.5130001780629768}