{"map_sum": 11650.133866064867, "map_avg": 0.6115234825502529, "ndcg_sum": 14173.970066739945, "ndcg_avg": 0.7440013682609807}